Code,Title,Valid Until
AED,UAE Dirham,
AFN,Afghani,
ALL,Lek,
AMD,Armenian Dram,
ANG,Netherlands Antillean Guilder,
AOA,Kwanza,
ARS,Argentine Peso,
AUD,Australian Dollar,
AWG,Aruban Florin,
AZN,Azerbaijan Manat,
BAM,Convertible Mark,
BBD,Barbados Dollar,
BDT,Taka,
BGN,Bulgarian Lev,
BHD,Bahraini Dinar,
BIF,Burundi Franc,
BMD,Bermudian Dollar,
BND,Brunei Dollar,
BOB,Boliviano,
BOV,Mvdol,
BRL,Brazilian Real,
BSD,Bahamian Dollar,
BTN,Ngultrum,
BWP,Pula,
BYN,Belarusian Ruble,
BZD,Belize Dollar,
CAD,Canadian Dollar,
CDF,Congolese Franc,
CHE,WIR Euro,
CHF,Swiss Franc,
CHW,WIR Franc,
CLF,Unidad de Fomento,
CLP,Chilean Peso,
CNY,Yuan Renminbi,
COP,Colombian Peso,
COU,Unidad de Valor Real,
CRC,Costa Rican Colon,
CUC,Peso Convertible,
CUP,Cuban Peso,
CVE,Cabo Verde Escudo,
CZK,Czech Koruna,
DJF,Djibouti Franc,
DKK,Danish Krone,
DOP,Dominican Peso,
DZD,Algerian Dinar,
EGP,Egyptian Pound,
ERN,Nakfa,
ETB,Ethiopian Birr,
EUR,Euro,
FJD,Fiji Dollar,
FKP,Falkland Islands Pound,
GBP,Pound Sterling,
GEL,Lari,
GHS,Ghana Cedi,
GIP,Gibraltar Pound,
GMD,Dalasi,
GNF,Guinean Franc,
GTQ,Quetzal,
GYD,Guyana Dollar,
HKD,Hong Kong Dollar,
HNL,Lempira,
HRK,Kuna,
HTG,Gourde,
HUF,Forint,
IDR,Rupiah,
ILS,New Israeli Sheqel,
INR,Indian Rupee,
IQD,Iraqi Dinar,
IRR,Iranian Rial,
ISK,Iceland Krona,
JMD,Jamaican Dollar,
JOD,Jordanian Dinar,
JPY,Yen,
KES,Kenyan Shilling,
KGS,Som,
KHR,Riel,
KMF,Comorian Franc,
KPW,North Korean Won,
KRW,Won,
KWD,Kuwaiti Dinar,
KYD,Cayman Islands Dollar,
KZT,Tenge,
LAK,Lao Kip,
LBP,Lebanese Pound,
LKR,Sri Lanka Rupee,
LRD,Liberian Dollar,
LSL,Loti,
LYD,Libyan Dinar,
MAD,Moroccan Dirham,
MDL,Moldovan Leu,
MGA,Malagasy Ariary,
MKD,Denar,
MMK,Kyat,
MNT,Tugrik,
MOP,Pataca,
MRU,Ouguiya,
MUR,Mauritius Rupee,
MVR,Rufiyaa,
MWK,Malawi Kwacha,
MXN,Mexican Peso,
MXV,Mexican Unidad de Inversion (UDI),
MYR,Malaysian Ringgit,
MZN,Mozambique Metical,
NAD,Namibia Dollar,
NGN,Naira,
NIO,Cordoba Oro,
NOK,Norwegian Krone,
NPR,Nepalese Rupee,
NZD,New Zealand Dollar,
OMR,Rial Omani,
PAB,Balboa,
PEN,Sol,
PGK,Kina,
PHP,Philippine Piso,
PKR,Pakistan Rupee,
PLN,Zloty,
PYG,Guarani,
QAR,Qatari Rial,
RON,Romanian Leu,
RSD,Serbian Dinar,
RUB,Russian Ruble,
RWF,Rwanda Franc,
SAR,Saudi Riyal,
SBD,Solomon Islands Dollar,
SCR,Seychelles Rupee,
SDG,Sudanese Pound,
SEK,Swedish Krona,
SGD,Singapore Dollar,
SHP,Saint Helena Pound,
SLL,Leone,
SOS,Somali Shilling,
SRD,Surinam Dollar,
SSP,South Sudanese Pound,
STN,Dobra,
SVC,El Salvador Colon,
SYP,Syrian Pound,
SZL,Lilangeni,
THB,Baht,
TJS,Somoni,
TMT,Turkmenistan New Manat,
TND,Tunisian Dinar,
TOP,Pa’anga,
TRY,Turkish Lira,
TTD,Trinidad and Tobago Dollar,
TWD,New Taiwan Dollar,
TZS,Tanzanian Shilling,
UAH,Hryvnia,
UGX,Uganda Shilling,
USD,US Dollar,
USN,US Dollar (Next day),
UYI,Uruguay Peso en Unidades Indexadas (URUIURUI),
UYU,Peso Uruguayo,
UZS,Uzbekistan Sum,
VEF,Bolívar,
VND,Dong,
VUV,Vatu,
WST,Tala,
XAF,CFA Franc BEAC,
XAG,Silver,
XAU,Gold,
XBA,Bond Markets Unit European Composite Unit (EURCO),
XBB,Bond Markets Unit European Monetary Unit (E.M.U.-6),
XBC,Bond Markets Unit European Unit of Account 9 (E.U.A.-9),
XBD,Bond Markets Unit European Unit of Account 17 (E.U.A.-17),
XCD,East Caribbean Dollar,
XDR,SDR (Special Drawing Right),
XOF,CFA Franc BCEAO,
XPD,Palladium,
XPF,CFP Franc,
XPT,Platinum,
XSU,Sucre,
XTS,Codes specifically reserved for testing purposes,
XUA,ADB Unit of Account,
XXX,The codes assigned for transactions where no currency is involved,
YER,Yemeni Rial,
ZAR,Rand,
ZMW,Zambian Kwacha,
ZWL,Zimbabwe Dollar,
ADP,Andorran Peseta,2003-07
AFA,Afghani,2003-01
ALK,Old Lek,1989-12
AOK,Kwanza,1991-03
AON,New Kwanza,2000-02
AOR,Kwanza Reajustado,2000-02
ARA,Austral,1992-01
ARP,Peso Argentino,1985-07
ARY,Peso,1989/1990
ATS,Schilling,2002-03
AYM,Azerbaijan Manat,2005-10
AZM,Azerbaijanian Manat,2005-12
BAD,Dinar,1998-07
BEC,Convertible Franc,1990-03
BEF,Belgian Franc,2002-03
BEL,Financial Franc,1990-03
BGJ,Lev A/52,1989/1990
BGK,Lev A/62,1989/1990
BGL,Lev,2003-11
BOP,Peso boliviano,1987-02
BRB,Cruzeiro,1986-03
BRC,Cruzado,1989-02
BRE,Cruzeiro,1993-03
BRN,New Cruzado,1990-03
BRR,Cruzeiro Real,1994-07
BUK,Kyat,1990-02
BYB,Belarusian Ruble,2001-01
BYR,Belarusian Ruble,2017-01
CHC,WIR Franc (for electronic),2004-11
CSD,Serbian Dinar,2006-10
CSJ,Krona A/53,1989/1990
CSK,Koruna,1993-03
CYP,Cyprus Pound,2008-01
DDM,Mark der DDR,1990-07/1990-09
DEM,Deutsche Mark,2002-03
ECS,Sucre,2000-09
ECV,Unidad de Valor Constante (UVC),2000-09
EEK,Kroon,2011-01
ESA,Spanish Peseta,1978/1981
ESB,"""A"" Account (convertible Peseta Account)",1994-12
ESP,Spanish Peseta,2002-03
FIM,Markka,2002-03
FRF,French Franc,2002-03
GEK,Georgian Coupon,1995-10
GHC,Cedi,2008-01
GHP,Ghana Cedi,2007-06
GNE,Syli,1989-12
GNS,Syli,1986-02
GQE,Ekwele,1986-06
GRD,Drachma,2002-03
GWE,Guinea Escudo,1978/1981
GWP,Guinea-Bissau Peso,1997-05
HRD,Croatian Dinar,1995-01
IEP,Irish Pound,2002-03
ILP,Pound,1978/1981
ILR,Old Shekel,1989/1990
ISJ,Old Krona,1989/1990
ITL,Italian Lira,2002-03
LAJ,Pathet Lao Kip,1979-12
LSM,Loti,1985-05
LTL,Lithuanian Litas,2014-12
LTT,Talonas,1993-07
LUC,Luxembourg Convertible Franc,1990-03
LUF,Luxembourg Franc,2002-03
LUL,Luxembourg Financial Franc,1990-03
LVL,Latvian Lats,2014-01
LVR,Latvian Ruble,1994-12
MGF,Malagasy Franc,2004-12
MLF,Mali Franc,1984-11
MRO,Ouguiya,2017-12
MTL,Maltese Lira,2008-01
MTP,Maltese Pound,1983-06
MVQ,Maldive Rupee,1989-12
MXP,Mexican Peso,1993-01
MZE,Mozambique Escudo,1978/1981
MZM,Mozambique Metical,2006-06
NIC,Cordoba,1990-10
NLG,Netherlands Guilder,2002-03
PEH,Sol,1989/1990
PEI,Inti,1991-07
PES,Sol,1986-02
PLZ,Zloty,1997-01
PTE,Portuguese Escudo,2002-03
RHD,Rhodesian Dollar,1978/1981
ROK,Leu A/52,1989/1990
ROL,Old Leu,2005-06
RUR,Russian Ruble,2004-01
SDD,Sudanese Dinar,2007-07
SDP,Sudanese Pound,1998-06
SIT,Tolar,2007-01
SKK,Slovak Koruna,2009-01
SRG,Surinam Guilder,2003-12
STD,Dobra,2017-12
SUR,Rouble,1990-12
TJR,Tajik Ruble,2001-04
TMM,Turkmenistan Manat,2009-01
TPE,Timor Escudo,2002-11
TRL,Old Turkish Lira,2005-12
UAK,Karbovanet,1996-09
UGS,Uganda Shilling,1987-05
UGW,Old Shilling,1989/1990
USS,US Dollar (Same day),2014-03
UYN,Old Uruguay Peso,1989-12
UYP,Uruguayan Peso,1993-03
VEB,Bolivar,2008-01
VNC,Old Dong,1989/1990
XEU,European Currency Unit (E.C.U),1999-01
XFO,Gold-Franc,2006-10
XFU,UIC-Franc,2013-11
XRE,RINET Funds Code,1999-11
YDD,Yemeni Dinar,1991-09
YUD,New Yugoslavian Dinar,1990-01
YUM,New Dinar,2003-07
YUN,Yugoslavian Dinar,1995-11
ZAL,Financial Rand,1995-03
ZMK,Zambian Kwacha,2012-12
ZRN,New Zaire,1999-06
ZRZ,Zaire,1994-02
ZWC,Rhodesian Dollar,1989-12
ZWD,Zimbabwe Dollar,2008-08
ZWN,Zimbabwe Dollar (new),2006-09
ZWR,Zimbabwe Dollar,2009-06
