"anabrandusescu","https://api.github.com/users/anabrandusescu","https://avatars.githubusercontent.com/u/3058770?v=3"
"arothenberg","https://api.github.com/users/arothenberg","https://avatars.githubusercontent.com/u/1676642?v=3"
"avian2","https://api.github.com/users/avian2","https://avatars.githubusercontent.com/u/1135442?v=3"
"beaMacuco","https://api.github.com/users/beaMacuco","https://avatars.githubusercontent.com/u/5229319?v=3"
"birdsarah","https://api.github.com/users/birdsarah","https://avatars.githubusercontent.com/u/1796208?v=3"
"Bjwebb","https://api.github.com/users/Bjwebb","https://avatars.githubusercontent.com/u/634?v=3"
"cohena","https://api.github.com/users/cohena","https://avatars.githubusercontent.com/u/184302?v=3"
"danwald","https://api.github.com/users/danwald","https://avatars.githubusercontent.com/u/688310?v=3"
"DeadWisdom","https://api.github.com/users/DeadWisdom","https://avatars.githubusercontent.com/u/46097?v=3"
"delijati","https://api.github.com/users/delijati","https://avatars.githubusercontent.com/u/769969?v=3"
"dincamihai","https://api.github.com/users/dincamihai","https://avatars.githubusercontent.com/u/1615643?v=3"
"dlanger","https://api.github.com/users/dlanger","https://avatars.githubusercontent.com/u/529037?v=3"
"florianpilz","https://api.github.com/users/florianpilz","https://avatars.githubusercontent.com/u/518288?v=3"
"foobacca","https://api.github.com/users/foobacca","https://avatars.githubusercontent.com/u/169445?v=3"
"francoisrd","https://api.github.com/users/francoisrd","https://avatars.githubusercontent.com/u/7292573?v=3"
"gandalfar","https://api.github.com/users/gandalfar","https://avatars.githubusercontent.com/u/13806?v=3"
"hlainchb","https://api.github.com/users/hlainchb","https://avatars.githubusercontent.com/u/156735?v=3"
"JeniT","https://api.github.com/users/JeniT","https://avatars.githubusercontent.com/u/395050?v=3"
"jorenretel","https://api.github.com/users/jorenretel","https://avatars.githubusercontent.com/u/3398263?v=3"
"josemalonso","https://api.github.com/users/josemalonso","https://avatars.githubusercontent.com/u/1242906?v=3"
"jpmckinney","https://api.github.com/users/jpmckinney","https://avatars.githubusercontent.com/u/26463?v=3"
"LindseyAM","https://api.github.com/users/LindseyAM","https://avatars.githubusercontent.com/u/9124357?v=3"
"marcelarozo","https://api.github.com/users/marcelarozo","https://avatars.githubusercontent.com/u/9322231?v=3"
"mbirdi","https://api.github.com/users/mbirdi","https://avatars.githubusercontent.com/u/7291409?v=3"
"mgax","https://api.github.com/users/mgax","https://avatars.githubusercontent.com/u/27617?v=3"
"michaeloroberts","https://api.github.com/users/michaeloroberts","https://avatars.githubusercontent.com/u/5321484?v=3"
"myroslav","https://api.github.com/users/myroslav","https://avatars.githubusercontent.com/u/883905?v=3"
"practicalparticipation","https://api.github.com/users/practicalparticipation","https://avatars.githubusercontent.com/u/477172?v=3"
"pyMike","https://api.github.com/users/pyMike","https://avatars.githubusercontent.com/u/7292830?v=3"
"qris","https://api.github.com/users/qris","https://avatars.githubusercontent.com/u/754175?v=3"
